{
    "default_box_label": "box",
    "attr_labels": {
        "top": [
            "普通",
            "通行证",
            "赛季奇遇",
            "杂项"
        ],
        "middle": [
            "普通",
            "异色",
            "奇异",
            "污染",
            "混系"
        ],
        "bottom": [
            "+魔攻",
            "+魔防",
            "+物攻",
            "+物防",
            "+速度",
            "+生命"
        ]
    },
    "detect_interval_ms": 700,
    "hide_interval_ms": 20000,
    "last_model_box": "box_model_250_20_yolo11n.pt",
    "box_conf_threshold": 0.9,
    "last_model_attr": "attr_model_250_50_yolo11n.pt",
    "attr_conf_threshold": 0.7,
    "window_geometry": {
        "main": {
            "x": 621,
            "y": 304,
            "width": 473,
            "height": 90
        },
        "dataset": {
            "x": 355,
            "y": 175,
            "width": 1200,
            "height": 750
        }
    },
    "last_rects": {
        "box": {
            "x": 1138,
            "y": 183,
            "w": 140,
            "h": 330
        },
        "attr": {
            "top": {
                "rx": 0.17142857142857143,
                "ry": 0.24242424242424243,
                "rw": 0.6928571428571428,
                "rh": 0.16363636363636364
            },
            "middle": {
                "rx": 0.11428571428571428,
                "ry": 0.5060606060606061,
                "rw": 0.7142857142857143,
                "rh": 0.17575757575757575
            },
            "bottom": {
                "rx": 0.08571428571428572,
                "ry": 0.7696969696969697,
                "rw": 0.6928571428571428,
                "rh": 0.1606060606060606
            }
        }
    },
    "overlay_geometry": {
        "x": 1700,
        "y": 150,
        "w": 210,
        "h": 315,
        "locked": true
    },
    "capture_region": {
        "x": 295,
        "y": -1,
        "w": 1400,
        "h": 1080
    }
}